[
    {
        "id": "1",
        "province": "Hà Nội",
        "file": "csv/1.csv"
    },
    {
        "id": "2",
        "province": "TP.HCM",
        "file": "csv/2.csv"
    },
    {
        "id": "3",
        "province": "TP. Hải Phòng",
        "file": "csv/3.csv"
    },
    {
        "id": "4",
        "province": "Hà Giang",
        "file": "csv/4.csv"
    },
    {
        "id": "5",
        "province": "Cao Bằng",
        "file": "csv/5.csv"
    },
    {
        "id": "6",
        "province": "Lai Châu",
        "file": "csv/6.csv"
    },
    {
        "id": "7",
        "province": "Điện Biên",
        "file": "csv/7.csv"
    },
    {
        "id": "8",
        "province": "Lào Cai",
        "file": "csv/8.csv"
    },
    {
        "id": "9",
        "province": "Tuyên Quang",
        "file": "csv/9.csv"
    },
    {
        "id": "10",
        "province": "Lạng Sơn",
        "file": "csv/10.csv"
    },
    {
        "id": "11",
        "province": "Bắc Kạn",
        "file": "csv/11.csv"
    },
    {
        "id": "12",
        "province": "Thái Nguyên",
        "file": "csv/12.csv"
    },
    {
        "id": "13",
        "province": "Yên Bái",
        "file": "csv/13.csv"
    },
    {
        "id": "14",
        "province": "Sơn La",
        "file": "csv/14.csv"
    },
    {
        "id": "15",
        "province": "Phú Thọ",
        "file": "csv/15.csv"
    },
    {
        "id": "16",
        "province": "Vĩnh Phúc",
        "file": "csv/16.csv"
    },
    {
        "id": "17",
        "province": "Quảng Ninh",
        "file": "csv/17.csv"
    },
    {
        "id": "18",
        "province": "Bắc Giang",
        "file": "csv/18.csv"
    },
    {
        "id": "19",
        "province": "Bắc Ninh",
        "file": "csv/19.csv"
    },
    {
        "id": "20",
        "province": "Hải Dương",
        "file": "csv/20.csv"
    },
    {
        "id": "21",
        "province": "Hưng Yên",
        "file": "csv/21.csv"
    },
    {
        "id": "22",
        "province": "Hòa Bình",
        "file": "csv/22.csv"
    },
    {
        "id": "23",
        "province": "Hà Nam",
        "file": "csv/23.csv"
    },
    {
        "id": "24",
        "province": "Nam Định",
        "file": "csv/24.csv"
    },
    {
        "id": "25",
        "province": "Thái Bình",
        "file": "csv/25.csv"
    },
    {
        "id": "26",
        "province": "Ninh Bình",
        "file": "csv/26.csv"
    },
    {
        "id": "27",
        "province": "Thanh Hóa",
        "file": "csv/27.csv"
    },
    {
        "id": "28",
        "province": "Nghệ An",
        "file": "csv/28.csv"
    },
    {
        "id": "29",
        "province": "Hà Tĩnh",
        "file": "csv/29.csv"
    },
    {
        "id": "30",
        "province": "Quảng Bình",
        "file": "csv/30.csv"
    },
    {
        "id": "31",
        "province": "Quảng Trị",
        "file": "csv/31.csv"
    },
    {
        "id": "32",
        "province": "Thừa Thiên Huế",
        "file": "csv/32.csv"
    },
    {
        "id": "33",
        "province": "TP. Đà Nẵng",
        "file": "csv/33.csv"
    },
    {
        "id": "34",
        "province": "Quảng Nam",
        "file": "csv/34.csv"
    },
    {
        "id": "35",
        "province": "Quảng Ngãi",
        "file": "csv/35.csv"
    },
    {
        "id": "36",
        "province": "Bình Định",
        "file": "csv/36.csv"
    },
    {
        "id": "37",
        "province": "Phú Yên",
        "file": "csv/37.csv"
    },
    {
        "id": "38",
        "province": "Gia Lai",
        "file": "csv/38.csv"
    },
    {
        "id": "39",
        "province": "Kon Tum",
        "file": "csv/39.csv"
    },
    {
        "id": "40",
        "province": "Đắk Lắk",
        "file": "csv/40.csv"
    },
    {
        "id": "41",
        "province": "Đắk Nông",
        "file": "csv/41.csv"
    },
    {
        "id": "42",
        "province": "Khánh Hòa",
        "file": "csv/42.csv"
    },
    {
        "id": "43",
        "province": "Ninh Thuận",
        "file": "csv/43.csv"
    },
    {
        "id": "44",
        "province": "Bình Thuận",
        "file": "csv/44.csv"
    },
    {
        "id": "45",
        "province": "Lâm Đồng",
        "file": "csv/45.csv"
    },
    {
        "id": "46",
        "province": "Bình Phước",
        "file": "csv/46.csv"
    },
    {
        "id": "47",
        "province": "Bình Dương",
        "file": "csv/47.csv"
    },
    {
        "id": "48",
        "province": "Tây Ninh",
        "file": "csv/48.csv"
    },
    {
        "id": "49",
        "province": "Đồng Nai",
        "file": "csv/49.csv"
    },
    {
        "id": "50",
        "province": "Long An",
        "file": "csv/50.csv"
    },
    {
        "id": "51",
        "province": "Đồng Tháp",
        "file": "csv/51.csv"
    },
    {
        "id": "52",
        "province": "An Giang",
        "file": "csv/52.csv"
    },
    {
        "id": "53",
        "province": "Bà Rịa – Vũng Tàu",
        "file": "csv/53.csv"
    },
    {
        "id": "54",
        "province": "Tiền Giang",
        "file": "csv/54.csv"
    },
    {
        "id": "55",
        "province": "TP.Cần Thơ",
        "file": "csv/55.csv"
    },
    {
        "id": "56",
        "province": "Hậu Giang",
        "file": "csv/56.csv"
    },
    {
        "id": "57",
        "province": "Bến Tre",
        "file": "csv/57.csv"
    },
    {
        "id": "58",
        "province": "Vĩnh Long",
        "file": "csv/58.csv"
    },
    {
        "id": "59",
        "province": "Trà Vinh",
        "file": "csv/59.csv"
    },
    {
        "id": "60",
        "province": "Sóc Trăng",
        "file": "csv/60.csv"
    },
    {
        "id": "61",
        "province": "Bạc Liêu",
        "file": "csv/61.csv"
    },
    {
        "id": "62",
        "province": "Kiên Giang",
        "file": "csv/62.csv"
    },
    {
        "id": "63",
        "province": "Cà Mau",
        "file": "csv/63.csv"
    }
]